<?xml version="1.0" encoding="UTF-8"?>
<jcr:root xmlns:oak="http://jackrabbit.apache.org/oak/ns/1.0" xmlns:sling="http://sling.apache.org/jcr/sling/1.0" xmlns:cq="http://www.day.com/jcr/cq/1.0" xmlns:jcr="http://www.jcp.org/jcr/1.0" xmlns:mix="http://www.jcp.org/jcr/mix/1.0" xmlns:rep="internal"
    jcr:mixinTypes="[mix:lockable,rep:AccessControllable,sling:Redirect]"
    jcr:primaryType="sling:OrderedFolder"
    jcr:title="Content Root"
    sling:resourceType="sling:redirect"
    sling:target="/geohome">
    <dam/>
    <usergenerated/>
    <campaigns/>
    <phonegap/>
    <mobileapps/>
    <launches/>
    <publications/>
    <forms/>
    <screens/>
    <communities/>
    <sites/>
    <catalogs/>
    <oak:index/>
    <workflowpackage/>
    <kporg/>
    <jcr:content/>
    <projects/>
    <entities/>
    <experience-fragments/>
    <apps/>
    <dermis/>
    <xfaforms/>
    <fd/>
    <community/>
    <cq:tags/>
    <we-retail/>
    <breadcrumbTemplate/>
    <breadcrumbTemplate0/>
    <BobcatActionArea/>
    <flamingo/>
    <core-components-examples/>
    <productzero/>
    <my_kp/>
    <rep:policy/>
</jcr:root>
